{"stats":{"minecraft:custom":{"minecraft:jump":12,"minecraft:time_since_rest":5429,"minecraft:walk_one_cm":2936,"minecraft:leave_game":3,"minecraft:crouch_one_cm":76,"minecraft:play_time":5429,"minecraft:sprint_one_cm":747,"minecraft:time_since_death":5429,"minecraft:sneak_time":11,"minecraft:total_world_time":5429,"minecraft:fall_one_cm":269,"minecraft:fly_one_cm":2677},"minecraft:picked_up":{"minecraft:spruce_sapling":3,"minecraft:spruce_log":1,"minecraft:dirt":167},"minecraft:mined":{"minecraft:spruce_leaves":3,"minecraft:spruce_log":1},"minecraft:used":{"minecraft:fire_charge":2,"minecraft:tnt":2}},"DataVersion":3465}